id,class,x,y,z,rot_x_axis_1,rot_x_axis_2,rot_x_axis_3,rot_y_axis_1,rot_y_axis_2,rot_y_axis_3,rot_z_axis_1,rot_z_axis_2,rot_z_axis_3,visibility_score_o,visibility_score_p
0.0,0.0,0.044459261009771635,-0.1208400136633839,0.002087549792705076,0.0,0.0,0.0,0.0,0.0,0.0,0.0,0.0,0.0,0.0,0.0
0.0,0.0,-0.11058017249866067,0.09865694591070036,0.039302014411411804,0.0,0.0,0.0,0.0,0.0,0.0,0.0,0.0,0.0,0.0,0.0
