id,class,x,y,z,rot_x_axis_1,rot_x_axis_2,rot_x_axis_3,rot_y_axis_1,rot_y_axis_2,rot_y_axis_3,rot_z_axis_1,rot_z_axis_2,rot_z_axis_3,visibility_score_o,visibility_score_p
0.0,0.0,0.09374280607545678,0.13215913913540767,-0.027071153208398497,0.0,0.0,0.0,0.0,0.0,0.0,0.0,0.0,0.0,0.0,0.0
0.0,0.0,-0.08961355857550754,-0.0069041663752694386,0.013771251319956096,0.0,0.0,0.0,0.0,0.0,0.0,0.0,0.0,0.0,0.0,0.0
