id,class,x,y,z,rot_x_axis_1,rot_x_axis_2,rot_x_axis_3,rot_y_axis_1,rot_y_axis_2,rot_y_axis_3,rot_z_axis_1,rot_z_axis_2,rot_z_axis_3,visibility_score_o,visibility_score_p
0.0,0.0,-0.04102135350449717,-0.028176166926960938,0.00474835284267272,0.0,0.0,0.0,0.0,0.0,0.0,0.0,0.0,0.0,0.0,0.0
0.0,0.0,-0.13236495254006347,0.1466864717055515,-0.03126713370172384,0.0,0.0,0.0,0.0,0.0,0.0,0.0,0.0,0.0,0.0,0.0
