{
"type": "AffinePoseUtils",
"Lambda": [[0.0132892, 0.0, 0.0], 
            [0.0, 0.0182844, 0.0], 
            [-0.0, 0.0, 0.0220432]],
            
"G": [[[1.0, 0.0, 0.0], 
    [0.0, 1.0, 0.0], 
    [0.0, 0.0, 1.0]]], 

"Rref2i": [[  1.28332000e-02,  -9.93922000e-01,  -1.09332000e-01],
       [ -6.04944000e-04,   1.09333000e-01,  -9.94005000e-01],
       [  9.99917000e-01,   1.28224000e-02,   8.01832000e-04]], 
    
"tref2i": [  [5.91282000e-04],   [1.34137000e-02],  [-7.40287000e-05]],

"distance_threshold": 0.0107587084174

}