{
"type": "AffinePoseUtils",
"Lambda": [[0.0155485, 0.0, 0.0], 
            [0.0, 0.0248085, 0.0], 
            [-0.0, 0.0, 0.0171969]],
            
"G": [
    [[1.0, 0.0, 0.0], 
    [0.0, 1.0, 0.0], 
    [0.0, 0.0, 1.0]],
    
    [[ -1.0,  0.0,   0.0],
    [  0.0,  -1.0,   0.0],
    [  0.0,   0.0,   1.00]]
    ],    

"Rref2i":  [[  3.44198000e-09,   1.00000000e+00,   0.00000000e+00],
       [ -1.00000000e+00,   3.44198000e-09,   0.00000000e+00],
       [  0.00000000e+00,   0.00000000e+00,   1.00000000e+00]], 
    
"tref2i": [ [0.0]      ,  [0.0]      ,  [0.015112]],

"distance_threshold": 0.0107432462275

}