{
"type": "AffinePoseUtils",
"Lambda": [[0.029002098872837105, 0.0, 0.0], 
           [0.0, 0.03360305684264718, 0.0], 
           [0.0, 0.0, 0.01241444668707694]],

"G": [
    [[ 1.0,  0.0,  0.0], 
     [ 0.0,  1.0,  0.0], 
     [ 0.0,  0.0,  1.0]],
    
	[[-1.0,  0.0,  0.0],
     [ 0.0, -1.0,  0.0],
     [ 0.0,  0.0,  1.0]]
    ],    

"tref2i": [[0.0], [0.0], [0.0]], 

"Rref2i": [[ 1.0,  0.0,  0.0],
           [ 0.0,  1.0,  0.0],
           [ 0.0,  0.0,  1.0]], 

"distance_threshold": 0.015470757191787449
}