{
"type": "AffinePoseUtils",
"Lambda": [[0.0272175, 0.0, 0.0], 
            [0.0, 0.0377976, 0.0], 
            [0.0, 0.0, 0.0218465]],
            
"G": [
    [[1.0, 0.0, 0.0], 
    [0.0, 1.0, 0.0], 
    [0.0, 0.0, 1.0]],
    
	[[ -1.0,  0.0,   0.0],
    [  0.0,  -1.0,   0.0],
    [  0.0,   0.0,   1.00]]
    ],    

"Rref2i": [[  6.18020000e-04,  -1.00000000e+00,   0.00000000e+00],
       [  1.00000000e+00,   6.18020000e-04,   0.00000000e+00],
       [  0.00000000e+00,   0.00000000e+00,   1.00000000e+00]], 
    
"tref2i": [[0.0]        ,  [0.0]        ,  [0.00170163]],

"distance_threshold": 0.0135139167309

}