{
"type": "RevolutionPoseUtils",

"rotoreflection_symmetry": false, 

"tref2i": [[0.0], [0.0], [0.0]], 

"Rref2i": [[ 1.0,  0.0,  0.0],
           [ 0.0,  1.0,  0.0],
           [ 0.0,  0.0,  1.0]], 

"lambda": 0.07896768000227414,

"distance_threshold": 0.04374313873832672
}