{
"type": "AffinePoseUtils",
"Lambda": [[0.00512363, 0.0, 0.0], 
            [0.0, 0.00973728, 0.0], 
            [-0.0, 0.0, 0.00341862]],
            
"G": [
    [[1.0, 0.0, 0.0], 
    [0.0, 1.0, 0.0], 
    [0.0, 0.0, 1.0]],
    
    [[ -1.0,  0.0,   0.0],
    [  0.0,  -1.0,   0.0],
    [  0.0,   0.0,   1.00]]
    ],    

"Rref2i": [[  5.46388000e-06,   1.00000000e+00,   0.00000000e+00],
       [ -1.00000000e+00,   5.46388000e-06,   0.00000000e+00],
       [  0.00000000e+00,   0.00000000e+00,   1.00000000e+00]], 
    
"tref2i": [[0.00000000e+00],   [0.00000000e+00],   [6.79449000e-05]],

"distance_threshold": 0.00373359993

}