id,class,x,y,z,rot_x_axis_1,rot_x_axis_2,rot_x_axis_3,rot_y_axis_1,rot_y_axis_2,rot_y_axis_3,rot_z_axis_1,rot_z_axis_2,rot_z_axis_3,visibility_score_o,visibility_score_p
0.0,0.0,-0.06208894026910495,0.04619799341420111,-0.043004983284083184,0.0,0.0,0.0,0.0,0.0,0.0,0.0,0.0,0.0,0.0,0.0
0.0,0.0,0.09336943036190734,0.024801448425488194,-0.028528825677634984,0.0,0.0,0.0,0.0,0.0,0.0,0.0,0.0,0.0,0.0,0.0
0.0,0.0,-0.17471278994048028,0.06644651705677522,-0.027027585462956756,0.0,0.0,0.0,0.0,0.0,0.0,0.0,0.0,0.0,0.0,0.0
