id,class,x,y,z,rot_x_axis_1,rot_x_axis_2,rot_x_axis_3,rot_y_axis_1,rot_y_axis_2,rot_y_axis_3,rot_z_axis_1,rot_z_axis_2,rot_z_axis_3,visibility_score_o,visibility_score_p
0.0,0.0,0.08773983800294939,-0.12515433078163496,0.007006763587167669,0.0,0.0,0.0,0.0,0.0,0.0,0.0,0.0,0.0,0.0,0.0
0.0,0.0,-0.06086991394543024,0.06606793793560187,0.06211482656354124,0.0,0.0,0.0,0.0,0.0,0.0,0.0,0.0,0.0,0.0,0.0
